no,size,pom,description,spoken_as,spec,measured,deviation,tol_minus,tol_plus,verdict,confidence,note
22,M,1.01C,DRESS LENGTH FROM HPS,Dress length from HPS,34 1/2,34,-1/2,-1/2,+1/2,pass,0.82,Spoken as chest length from HPS
23,M,1.01C,LINING - DRESS LENGTH FROM HPS,Lining length from HPS,33 1/2,36,+2 1/2,-1/2,+1/2,FAIL,0.88,
24,M,2.01A,SHOULDER SEAM FORWARD,Shoulder seam to shoulder,3/4,,,-1/8,+1/8,unjudged,1.00,On spec; no numeric value stated
25,M,2.02A,SHOULDER SLOPE FROM HPS,Shoulder slope from HPS,5/8,1/2,-1/8,-1/4,+1/4,pass,1.00,
26,M,1.20A,ACROSS SHOULDER SEAM TO SEAM,Across shoulder seam to seam,13 1/2,13,-1/2,-1/4,+1/4,FAIL,1.00,
27,M,1.22A,ACROSS FRONT POSITION FROM HPS,Across front position from HPS,5,5,0,0,0,unjudged,1.00,
28,M,1.23A,ACROSS FRONT SEAM TO SEAM,Across front seam to seam,11 5/8,11 5/8,0,-1/4,+1/4,pass,0.66,Fraction denominator inferred from spoken 'ग्यारह पाँच'
29,M,1.24A,ACROSS BACK POSITION FROM HPS,Across back position from HPS,5,5,0,0,0,unjudged,1.00,
30,M,1.25A,ACROSS BACK SEAM TO SEAM,Across back seam to seam,13,13,0,-1/4,+1/4,pass,1.00,
31,M,1.29F,FRONT BODICE LENGTH FROM HPS,Front bodice length from HPS,13 7/8,13 7/8,0,-1/4,+1/4,pass,0.66,Fraction denominator inferred from spoken 'तेरह सात'
32,M,1.08C,CF BODICE LENGTH TO EMPIRE,Center front bodice length to empire,1 5/8,1 5/8,0,-1/8,+1/8,pass,0.82,Speaker corrected the field name
33,M,1.09C,BODICE LENGTH AT SIDE SEAM,Bodice length at side seam,4 1/8,4 1/8,0,-1/8,+1/8,pass,0.72,Fraction denominator inferred
34,M,1.28E,"CHEST 1"" BELOW ARMHOLE (SIDESEAM ON TOP SIDESEAM)","Chest 1 inch below armhole, side seam to side seam",36 1/2,36 1/2,0,-3/4,+3/4,pass,1.00,
35,M,1.28B,FRONT CHEST SS TO CF - EACH SIDE,Front chest side seam to center front each side,9 3/8,9 3/8,0,-1/4,+1/4,pass,0.72,Fraction denominator inferred
36,M,1.30A,WAIST AT EMPIRE - STRAIGHT,Waist at empire straight,32,32,0,-3/4,+3/4,pass,1.00,
37,M,4.22A,BOTTOM SWEEP CURVED ALONG EDGE,Bottom sweep curve along edge,58,58,0,-1,+1,pass,1.00,
38,M,4.22A,LINING - BOTTOM SWEEP CURVED ALONG EDGE,Lining bottom sweep curve along edge,58,58,0,-1,+1,pass,1.00,
39,M,4.27A,BOTTOM HEM HEIGHT,Bottom hemline,3/16,3/16,0,-1/16,+1/16,pass,1.00,
40,M,4.27A,LINING - BOTTOM HEM HEIGHT,Lining bottom hemline,3/16,3/16,0,-1/16,+1/16,pass,1.00,
41,M,3.06B,ARMHOLE STRAIGHT,Armhole straight,9 1/4,9 1/4,0,-1/4,+1/4,pass,1.00,
42,M,3.02B,SLEEVE LENGTH FROM ARMHOLE SHORT - INCL LACE,"Sleeve length from armhole, including lace",5 5/8,5 5/8,0,-1/4,+1/4,pass,0.66,Fraction denominator inferred from spoken 'पाँच पाँच'
43,M,3.23A,SLEEVE HEM LACE TRIM HEIGHT,Sleeve hem lace trim height,1,1,0,-1/8,+1/8,pass,1.00,
44,M,2.05C,NECK WIDTH EDGE TO EDGE,Neck width edge to edge,8 3/4,8 3/4,0,-1/4,+1/4,pass,1.00,
45,M,2.03A,FRONT NECK DROP FROM HPS TO EDGE,Front neck drop from HPS to edge,10 1/8,10 1/8,0,-1/4,+1/4,pass,0.72,Fraction denominator inferred
46,M,2.04A,BACK NECK DROP FROM HPS TO EDGE,Back neck drop from HPS to edge,1,1,0,-1/8,+1/8,pass,1.00,
47,M,7.09B GR,BELT/TIE FROM SIDE SEAM AT EACH SIDE TO LONGEST POINT,Back tie from side seam each side to low neck point,30,30,0,-1/2,+1/2,pass,1.00,
48,M,7.10A,SIDE SEAM BELT/TIE WIDTH,Side seam back tie width,1 1/4,1 1/4,0,-1/8,+1/8,pass,1.00,
49,M,7.02C GR,SIDE SEAM ZIPPER LENGTH,Side seam zipper length,11 1/2,11 1/2,0,-1/4,+1/4,pass,1.00,
50,L,1.01C,DRESS LENGTH FROM HPS,Dress length from HPS,35 3/4,35 3/4,0,-1/2,+1/2,pass,1.00,
51,L,1.01C,LINING - DRESS LENGTH FROM HPS,Lining dress length from HPS,34 3/4,34 3/4,0,-1/2,+1/2,pass,1.00,
52,L,2.01A,SHOULDER SEAM FORWARD,Shoulder seam forward,3/4,3/4,0,-1/8,+1/8,pass,1.00,
53,L,2.02A,SHOULDER SLOPE FROM HPS,Shoulder slope from HPS,5/8,5/8,0,-1/4,+1/4,pass,1.00,
54,L,1.20A,ACROSS SHOULDER SEAM TO SEAM,Across shoulder seam to seam,14 1/4,14 1/4,0,-1/4,+1/4,pass,1.00,
55,L,1.22A,ACROSS FRONT POSITION FROM HPS,Across front position from HPS,5,5,0,0,0,unjudged,1.00,
56,L,1.23A,ACROSS FRONT SEAM TO SEAM,Across front seam to seam,12 3/8,12 3/8,0,-1/4,+1/4,pass,1.00,
57,L,1.24A,ACROSS BACK POSITION FROM HPS,Across back position from HPS,5,5/8,-4 3/8,0,0,unjudged,0.65,Value unusual but transcribed as spoken
58,L,1.25A,ACROSS BACK SEAM TO SEAM,Across back seam to seam,13 3/4,13 3/4,0,-1/4,+1/4,pass,1.00,
59,L,1.29F,FRONT BODICE LENGTH FROM HPS,Front bodice length from HPS,14 1/2,14 1/2,0,-1/4,+1/4,pass,1.00,
60,L,1.08C,CF BODICE LENGTH TO EMPIRE,Center front bodice length to empire,2,2,0,-1/8,+1/8,pass,1.00,
61,L,1.09C,BODICE LENGTH AT SIDE SEAM,Bodice length at side seam,4 1/4,4 1/4,0,-1/8,+1/8,pass,1.00,
62,L,1.28E,"CHEST 1"" BELOW ARMHOLE (SIDESEAM ON TOP SIDESEAM)","Chest 1 inch below armhole, side seam to side seam",39 1/2,39 1/2,0,-3/4,+3/4,pass,1.00,
63,L,1.28B,FRONT CHEST SS TO CF - EACH SIDE,Front chest side seam to center front each side,10 1/8,10 1/8,0,-1/4,+1/4,pass,1.00,
64,L,1.30A,WAIST AT EMPIRE - STRAIGHT,Waist at empire straight,35,35,0,-3/4,+3/4,pass,1.00,
65,L,4.22A,BOTTOM SWEEP CURVED ALONG EDGE,Bottom sweep curve along edge,61,61,0,-1,+1,pass,1.00,
66,L,4.22A,LINING - BOTTOM SWEEP CURVED ALONG EDGE,Lining bottom sweep curve along edge,61,61,0,-1,+1,pass,1.00,
67,L,4.27A,BOTTOM HEM HEIGHT,Bottom hemline,3/16,3/16,0,-1/16,+1/16,pass,1.00,
68,L,4.27A,LINING - BOTTOM HEM HEIGHT,Lining bottom hemline,3/16,3/16,0,-1/16,+1/16,pass,1.00,
69,L,3.06B,ARMHOLE STRAIGHT,Armhole straight,9 7/8,9 7/8,0,-1/4,+1/4,pass,1.00,
70,L,3.02B,SLEEVE LENGTH FROM ARMHOLE SHORT - INCL LACE,"Sleeve length from armhole, including lace",6,6,0,-1/4,+1/4,pass,1.00,
71,L,3.19B,SLEEVE OPENING ALONG EDGE (S/S),"Sleeve opening along edge, side seam to side seam",14 1/4,14 1/4,0,-1/4,+1/4,pass,1.00,
72,L,3.23A,SLEEVE HEM LACE TRIM HEIGHT,Sleeve hem lace trim height,1,1,0,-1/8,+1/8,pass,1.00,
73,L,2.05C,NECK WIDTH EDGE TO EDGE,Neck width H to H,9,9,0,-1/4,+1/4,pass,1.00,
74,L,2.03A,FRONT NECK DROP FROM HPS TO EDGE,Front neck drop from HPS to H,10 1/4,10 1/4,0,-1/4,+1/4,pass,1.00,
75,L,2.04A,BACK NECK DROP FROM HPS TO EDGE,Back neck drop from HPS to H,1,1,0,-1/8,+1/8,pass,1.00,
76,L,7.09B GR,BELT/TIE FROM SIDE SEAM AT EACH SIDE TO LONGEST POINT,Belt tie from side seam each side to longest point,30 3/4,30 3/4,0,-1/2,+1/2,pass,0.62,Spoken unclearly as '33 by 4'
77,L,7.10A,SIDE SEAM BELT/TIE WIDTH,Side seam belt tie width,1 1/4,1/4,-1,-1/8,+1/8,FAIL,1.00,
78,L,7.02C GR,SIDE SEAM ZIPPER LENGTH,Side seam zipper length,12,12,0,-1/4,+1/4,pass,1.00,
79,XL,1.01C,DRESS LENGTH FROM HPS,Dress length from HPS,37,37,0,-1/2,+1/2,pass,1.00,
80,XL,1.01C,LINING - DRESS LENGTH FROM HPS,Lining dress length from HPS,36,36,0,-1/2,+1/2,pass,1.00,
81,XL,2.01A,SHOULDER SEAM FORWARD,Shoulder seam forward,3/4,3/4,0,-1/8,+1/8,pass,1.00,
82,XL,2.02A,SHOULDER SLOPE FROM HPS,Shoulder slope from HPS,5/8,5/8,0,-1/4,+1/4,pass,1.00,
83,XL,1.20A,ACROSS SHOULDER SEAM TO SEAM,Across shoulder seam to seam,15,15,0,-1/4,+1/4,pass,1.00,
84,XL,1.22A,ACROSS FRONT POSITION FROM HPS,Across front position from HPS,5,5,0,0,0,unjudged,1.00,
85,XL,1.23A,ACROSS FRONT SEAM TO SEAM,Across front seam to seam,13 1/8,13 1/8,0,-1/4,+1/4,pass,1.00,
86,XL,1.24A,ACROSS BACK POSITION FROM HPS,Across back position from HPS,5,5,0,0,0,unjudged,1.00,
87,XL,1.25A,ACROSS BACK SEAM TO SEAM,Across back seam to seam,14 1/2,14 1/2,0,-1/4,+1/4,pass,1.00,
88,XL,1.29F,FRONT BODICE LENGTH FROM HPS,Front bodice length from HPS,15 1/4,15 1/4,0,-1/4,+1/4,pass,1.00,
89,XL,1.08C,CF BODICE LENGTH TO EMPIRE,Center front bodice length to empire,2 1/2,2 1/2,0,-1/8,+1/8,pass,1.00,
90,XL,1.09C,BODICE LENGTH AT SIDE SEAM,Bodice length at side seam,4 1/2,4 1/2,0,-1/8,+1/8,pass,1.00,
91,XL,1.28E,"CHEST 1"" BELOW ARMHOLE (SIDESEAM ON TOP SIDESEAM)","Chest 1 inch below armhole, side seam to side seam",42 1/2,42 1/2,0,-3/4,+3/4,pass,1.00,
92,XL,1.28B,FRONT CHEST SS TO CF - EACH SIDE,Front chest side seam to center front each side,10 7/8,10 7/8,0,-1/4,+1/4,pass,1.00,
93,XL,1.30A,WAIST AT EMPIRE - STRAIGHT,Waist at empire straight,38,38,0,-3/4,+3/4,pass,1.00,
94,XL,4.22A,BOTTOM SWEEP CURVED ALONG EDGE,Bottom sweep curve along edge,64,64,0,-1,+1,pass,1.00,
95,XL,4.22A,LINING - BOTTOM SWEEP CURVED ALONG EDGE,Lining bottom sweep curve along edge,64,64,0,-1,+1,pass,1.00,
96,XL,4.27A,BOTTOM HEM HEIGHT,Bottom hemline shell,3/16,3/16,0,-1/16,+1/16,pass,1.00,
97,XL,4.27A,LINING - BOTTOM HEM HEIGHT,Lining bottom hemline,3/16,3/16,0,-1/16,+1/16,pass,1.00,
98,XL,3.06B,ARMHOLE STRAIGHT,Armhole straight,10 1/2,10 1/2,0,-1/4,+1/4,pass,1.00,
99,XL,3.02B,SLEEVE LENGTH FROM ARMHOLE SHORT - INCL LACE,"Sleeve length from armhole, including lace",6 3/8,6 3/8,0,-1/4,+1/4,pass,0.82,Transcribed from '638'
100,XL,3.19B,SLEEVE OPENING ALONG EDGE (S/S),Sleeve opening along edge,15 1/2,15 1/2,0,-1/4,+1/4,pass,1.00,
101,XL,3.23A,SLEEVE HEM LACE TRIM HEIGHT,Sleeve hem lace trim height,1,1,0,-1/8,+1/8,pass,1.00,
102,XL,2.05C,NECK WIDTH EDGE TO EDGE,Neck width H to H,9 1/4,9 1/4,0,-1/4,+1/4,pass,1.00,
103,XL,2.03A,FRONT NECK DROP FROM HPS TO EDGE,Front neck drop from HPS to H,10 3/8,10 3/8,0,-1/4,+1/4,pass,1.00,
104,XL,2.04A,BACK NECK DROP FROM HPS TO EDGE,Back neck drop from HPS to H,1,1,0,-1/8,+1/8,pass,1.00,
105,XL,7.09B GR,BELT/TIE FROM SIDE SEAM AT EACH SIDE TO LONGEST POINT,Belt tie from side seam each side to longest point,31 1/2,31 1/2,0,-1/2,+1/2,pass,1.00,
106,XL,7.10A,SIDE SEAM BELT/TIE WIDTH,Side seam belt tie width,1 1/4,1/4,-1,-1/8,+1/8,FAIL,1.00,
107,XL,7.02C GR,SIDE SEAM ZIPPER LENGTH,Side seam zipper length,12 1/2,12 1/2,0,-1/4,+1/4,pass,1.00,
108,XXS,1.01C,DRESS LENGTH FROM HPS,Dress length from HPS,32 1/4,32 1/4,0,-1/2,+1/2,pass,1.00,
109,XXS,1.01C,LINING - DRESS LENGTH FROM HPS,Lining dress length from HPS,31 1/4,31 1/4,0,-1/2,+1/2,pass,1.00,
110,XXS,2.01A,SHOULDER SEAM FORWARD,Shoulder seam forward,3/4,3/4,0,-1/8,+1/8,pass,1.00,
111,XXS,2.02A,SHOULDER SLOPE FROM HPS,Shoulder slope,5/8,5/8,0,-1/4,+1/4,pass,1.00,
112,XXS,1.20A,ACROSS SHOULDER SEAM TO SEAM,Across shoulder seam to seam,12,12,0,-1/4,+1/4,pass,1.00,
113,XXS,1.22A,ACROSS FRONT POSITION FROM HPS,Across front position from HPS,5,5,0,0,0,unjudged,1.00,
114,XXS,1.23A,ACROSS FRONT SEAM TO SEAM,Across front seam to seam,10 1/8,10 1/8,0,-1/4,+1/4,pass,1.00,
115,XXS,1.24A,ACROSS BACK POSITION FROM HPS,Across back position from HPS,5,5,0,0,0,unjudged,1.00,
116,XXS,1.25A,ACROSS BACK SEAM TO SEAM,Across back seam to seam,11 1/2,11 1/2,0,-1/4,+1/4,pass,1.00,
117,XXS,1.29F,FRONT BODICE LENGTH FROM HPS,Front bodice length from HPS,12 3/4,12 3/4,0,-1/4,+1/4,pass,1.00,
118,XXS,1.08C,CF BODICE LENGTH TO EMPIRE,Center front bodice length to empire,1 1/4,1 1/4,0,-1/8,+1/8,pass,0.62,Spoken as 'one quarter'; mixed number inferred from grading sequence
119,XXS,1.09C,BODICE LENGTH AT SIDE SEAM,Bodice length at side seam,4 1/8,4 1/8,0,-1/8,+1/8,pass,1.00,
120,XXS,1.28E,"CHEST 1"" BELOW ARMHOLE (SIDESEAM ON TOP SIDESEAM)","Chest 1 inch below armhole, side seam to side seam",30 1/2,30 1/2,0,-3/4,+3/4,pass,1.00,
121,XXS,1.28B,FRONT CHEST SS TO CF - EACH SIDE,Front chest side seam to center front each side,7 7/8,7 7/8,0,-1/4,+1/4,pass,1.00,
122,XXS,1.30A,WAIST AT EMPIRE - STRAIGHT,Waist at empire straight,26,26,0,-3/4,+3/4,pass,1.00,
123,XXS,4.22A,BOTTOM SWEEP CURVED ALONG EDGE,Bottom sweep curve along edge,52,52,0,-1,+1,pass,0.90,Spoken as bottom rib curve
124,XXS,4.22A,LINING - BOTTOM SWEEP CURVED ALONG EDGE,Lining bottom sweep curve along edge,52,52,0,-1,+1,pass,0.90,Spoken as bottom rib curve
125,XXS,4.27A,BOTTOM HEM HEIGHT,Bottom hem height,3/16,3/16,0,-1/16,+1/16,pass,1.00,
126,XXS,4.27A,LINING - BOTTOM HEM HEIGHT,Lining bottom hem height,3/16,3/16,0,-1/16,+1/16,pass,1.00,
127,XXS,3.06B,ARMHOLE STRAIGHT,Armhole straight,8 1/8,8 1/8,0,-1/4,+1/4,pass,1.00,
128,XXS,3.02B,SLEEVE LENGTH FROM ARMHOLE SHORT - INCL LACE,"Sleeve length from armhole, including lace",4 7/8,4 7/8,0,-1/4,+1/4,pass,1.00,
129,XXS,3.19B,SLEEVE OPENING ALONG EDGE (S/S),Sleeve opening along edge,10 3/4,10 3/4,0,-1/4,+1/4,pass,1.00,
130,XXS,3.23A,SLEEVE HEM LACE TRIM HEIGHT,Sleeve hem lace trim height,1,1,0,-1/8,+1/8,pass,1.00,
131,XXS,2.05C,NECK WIDTH EDGE TO EDGE,Neck width H to H,8,8,0,-1/4,+1/4,pass,1.00,
132,XXS,2.03A,FRONT NECK DROP FROM HPS TO EDGE,Front neck drop from HPS to H,9 3/4,9 3/4,0,-1/4,+1/4,pass,1.00,
133,XXS,2.04A,BACK NECK DROP FROM HPS TO EDGE,Back neck drop from HPS to H,1,1,0,-1/8,+1/8,pass,1.00,
134,XXS,7.09B GR,BELT/TIE FROM SIDE SEAM AT EACH SIDE TO LONGEST POINT,Back tie from side seam each side to longest point,28 1/2,28 1/2,0,-1/2,+1/2,pass,1.00,
135,XXS,7.10A,SIDE SEAM BELT/TIE WIDTH,Side seam back tie width,1 1/4,1/4,-1,-1/8,+1/8,FAIL,1.00,
136,XXS,7.02C GR,SIDE SEAM ZIPPER LENGTH,Side seam zipper length,10,10,0,-1/4,+1/4,pass,1.00,
137,S,1.01C,DRESS LENGTH FROM HPS,Dress length from HPS,33 3/4,33 3/4,0,-1/2,+1/2,pass,1.00,
138,S,1.01C,LINING - DRESS LENGTH FROM HPS,Lining dress length from HPS,32 3/4,32 3/4,0,-1/2,+1/2,pass,1.00,
139,S,2.01A,SHOULDER SEAM FORWARD,Shoulder seam forward,3/4,3/4,0,-1/8,+1/8,pass,1.00,
140,S,2.02A,SHOULDER SLOPE FROM HPS,Shoulder slope,5/8,5/8,0,-1/4,+1/4,pass,1.00,
141,S,1.20A,ACROSS SHOULDER SEAM TO SEAM,Across shoulder seam to seam,13,13,0,-1/4,+1/4,pass,1.00,
142,S,1.22A,ACROSS FRONT POSITION FROM HPS,Across front position from HPS,5,5,0,0,0,unjudged,1.00,
143,S,1.23A,ACROSS FRONT SEAM TO SEAM,Across front seam to seam,11 1/8,11 1/8,0,-1/4,+1/4,pass,1.00,
144,S,1.24A,ACROSS BACK POSITION FROM HPS,Across back position from HPS,5,5,0,0,0,unjudged,1.00,
145,S,1.25A,ACROSS BACK SEAM TO SEAM,Across back seam to seam,12 1/2,12 1/2,0,-1/4,+1/4,pass,1.00,
146,S,1.29F,FRONT BODICE LENGTH FROM HPS,Front bodice length from HPS,13 1/2,13 1/2,0,-1/4,+1/4,pass,1.00,
147,S,1.08C,CF BODICE LENGTH TO EMPIRE,Center front bodice length to empire,1 1/2,1 1/2,0,-1/8,+1/8,pass,1.00,
148,S,1.09C,BODICE LENGTH AT SIDE SEAM,Bodice length at side seam,4 1/8,4 1/8,0,-1/8,+1/8,pass,1.00,
149,S,1.28E,"CHEST 1"" BELOW ARMHOLE (SIDESEAM ON TOP SIDESEAM)","Chest 1 inch below armhole, side seam to side seam",34 1/2,34 1/2,0,-3/4,+3/4,pass,1.00,
150,S,1.28B,FRONT CHEST SS TO CF - EACH SIDE,Front chest side seam to center front each side,8 7/8,8 7/8,0,-1/4,+1/4,pass,1.00,
151,S,1.30A,WAIST AT EMPIRE - STRAIGHT,Waist at empire straight,30,30,0,-3/4,+3/4,pass,1.00,
152,S,4.22A,BOTTOM SWEEP CURVED ALONG EDGE,Bottom sweep curve along edge,56,56,0,-1,+1,pass,1.00,
153,S,4.22A,LINING - BOTTOM SWEEP CURVED ALONG EDGE,Lining bottom sweep curve along edge,56,56,0,-1,+1,pass,1.00,
154,S,4.27A,BOTTOM HEM HEIGHT,Bottom hemline,3/16,3/16,0,-1/16,+1/16,pass,1.00,
155,S,4.27A,LINING - BOTTOM HEM HEIGHT,Lining bottom hemline,3/16,3/16,0,-1/16,+1/16,pass,1.00,
156,S,3.06B,ARMHOLE STRAIGHT,Armhole straight,8 7/8,8 7/8,0,-1/4,+1/4,pass,1.00,
157,S,3.02B,SLEEVE LENGTH FROM ARMHOLE SHORT - INCL LACE,"Sleeve length from armhole, including lace",5 3/8,5 3/8,0,-1/4,+1/4,pass,1.00,
158,S,3.19B,SLEEVE OPENING ALONG EDGE (S/S),Sleeve opening along edge,12 1/4,12 1/4,0,-1/4,+1/4,pass,1.00,
159,S,3.23A,SLEEVE HEM LACE TRIM HEIGHT,Sleeve hem lace trim height,1,1,0,-1/8,+1/8,pass,1.00,
160,S,2.05C,NECK WIDTH EDGE TO EDGE,Neck width H to H,8 1/2,8 1/2,0,-1/4,+1/4,pass,1.00,
161,S,2.03A,FRONT NECK DROP FROM HPS TO EDGE,Front neck drop from HPS to H,10,10,0,-1/4,+1/4,pass,1.00,
162,S,2.04A,BACK NECK DROP FROM HPS TO EDGE,Back neck drop from HPS to H,1,1,0,-1/8,+1/8,pass,1.00,
163,S,7.09B GR,BELT/TIE FROM SIDE SEAM AT EACH SIDE TO LONGEST POINT,Belt tie from side seam each side to longest point,29 1/2,29 1/2,0,-1/2,+1/2,pass,1.00,
164,S,7.10A,SIDE SEAM BELT/TIE WIDTH,Side seam belt tie width,1 1/4,1/4,-1,-1/8,+1/8,FAIL,1.00,
165,S,7.02C GR,SIDE SEAM ZIPPER LENGTH,Side seam zipper length,11,11,0,-1/4,+1/4,pass,0.86,Spoken as G-per length
